{
	"Object":	"Cube",
	"Vertex":	[[1, -1, -1], [1, -1, 1], [-1, -1, 1], [-1, -1, -1], [1, 1, -0.999999], [0.999999, 1, 1.000001], [-1, 1, 1], [-1, 1, -1]],
	"Face":	[[2, 3, 4], [8, 7, 6], [1, 5, 6], [2, 6, 7], [7, 8, 4], [1, 4, 8], [1, 2, 4], [5, 8, 6], [2, 1, 6], [3, 2, 7], [3, 7, 4], [5, 1, 8]]
}