{
	"Object":	"Sphere",
	"Vertex":	[[-0.707107, 0.707107, 0], [-0.707107, -0.707107, 0], [-0.500000, 0.707107, -0.500000], [-0.707107, 0, -0.707107], [-0.500000, -0.707107, -0.500000], [0, -1, 0], [0, 0.707107, -0.707107], [0, 0, -1], [0, -0.707107, -0.707107], [0.500000, 0.707107, -0.500000], [0.707107, 0, -0.707107], [0.500000, -0.707107, -0.500000], [0.707107, 0.707107, 0], [1, 0, 0], [0.707107, -0.707107, 0], [0.500000, 0.707107, 0.500000], [0.707107, 0, 0.707107], [0.500000, -0.707107, 0.500000], [0, 0.707107, 0.707107], [0, 0, 1], [0, -0.707107, 0.707107], [0, 1, 0], [-0.500000, 0.707107, 0.500000], [-0.707107, 0, 0.707107], [-0.500000, -0.707107, 0.500000], [-1, 0, 0]],
	"Face":	[],
	"FaceN":	[["4/1", "8/1", "9/1"], ["4/2", "3/2", "7/2"], ["7/3", "10/3", "11/3"], ["8/4", "11/4", "12/4"], ["11/5", "14/5", "15/5"], ["10/6", "13/6", "14/6"], ["14/7", "17/7", "18/7"], ["14/8", "13/8", "16/8"], ["17/9", "20/9", "21/9"], ["16/10", "19/10", "20/10"], ["20/11", "24/11", "25/11"], ["19/12", "23/12", "24/12"], ["6/13", "2/13", "5/13"], ["26/14", "4/14", "5/14"], ["1/15", "3/15", "4/15"], ["1/16", "22/16", "3/16"], ["3/17", "22/17", "7/17"], ["6/18", "5/18", "9/18"], ["7/19", "22/19", "10/19"], ["6/20", "9/20", "12/20"], ["10/21", "22/21", "13/21"], ["6/22", "12/22", "15/22"], ["6/23", "15/23", "18/23"], ["13/24", "22/24", "16/24"], ["6/25", "18/25", "21/25"], ["16/26", "22/26", "19/26"], ["19/27", "22/27", "23/27"], ["6/28", "21/28", "25/28"], ["23/29", "1/29", "26/29"], ["23/30", "22/30", "1/30"], ["6/31", "25/31", "2/31"], ["24/32", "26/32", "2/32"], ["5/1", "4/1", "9/1"], ["8/2", "4/2", "7/2"], ["8/3", "7/3", "11/3"], ["9/4", "8/4", "12/4"], ["12/5", "11/5", "15/5"], ["11/6", "10/6", "14/6"], ["15/7", "14/7", "18/7"], ["17/8", "14/8", "16/8"], ["18/9", "17/9", "21/9"], ["17/10", "16/10", "20/10"], ["21/11", "20/11", "25/11"], ["20/12", "19/12", "24/12"], ["2/14", "26/14", "5/14"], ["26/15", "1/15", "4/15"], ["24/29", "23/29", "26/29"], ["25/32", "24/32", "2/32"]],
	"Normal":	[[-0.357407, -0.357407, -0.862856], [-0.357407, 0.357407, -0.862856], [0.357407, 0.357407, -0.862856], [0.357407, -0.357407, -0.862856], [0.862856, -0.357407, -0.357407], [0.862856, 0.357407, -0.357407], [0.862856, -0.357407, 0.357407], [0.862856, 0.357407, 0.357407], [0.357407, -0.357407, 0.862856], [0.357407, 0.357407, 0.862856], [-0.357407, -0.357407, 0.862856], [-0.357407, 0.357407, 0.862856], [-0.377964, -0.912487, -0.156558], [-0.862856, -0.357407, -0.357407], [-0.862856, 0.357407, -0.357407], [-0.377964, 0.912487, -0.156558], [-0.156558, 0.912487, -0.377965], [-0.156558, -0.912487, -0.377964], [0.156558, 0.912487, -0.377964], [0.156558, -0.912487, -0.377964], [0.377964, 0.912487, -0.156558], [0.377964, -0.912487, -0.156558], [0.377964, -0.912487, 0.156558], [0.377964, 0.912487, 0.156558], [0.156558, -0.912487, 0.377964], [0.156558, 0.912487, 0.377964], [-0.156558, 0.912487, 0.377965], [-0.156558, -0.912487, 0.377964], [-0.862856, 0.357407, 0.357407], [-0.377965, 0.912487, 0.156558], [-0.377964, -0.912487, 0.156558], [-0.862856, -0.357407, 0.357407]]
}
