{
	"Object":	"Cube",
	"Vertex":	[[1, -1, -1], [1, -1, 1], [-1, -1, 1], [-1, -1, -1], [1, 1, -0.999999], [0.999999, 1, 1.000001], [-1, 1, 1], [-1, 1, -1]],
	"Face":	[],
	"FaceN":	[["2/1", "1/1", "3/1"], ["3/1", "1/1", "4/1"], ["8/2", "5/2", "7/2"], ["7/2", "5/2", "6/2"], ["5/3", "1/3", "6/3"], ["6/3", "1/3", "2/3"], ["6/4", "2/4", "7/4"], ["7/4", "2/4", "3/4"], ["7/5", "3/5", "8/5"], ["8/5", "3/5", "4/5"], ["1/6", "5/6", "4/6"], ["4/6", "5/6", "8/6"]],
	"Normal":	[[0, -1, 0], [0, 1, 0], [1, 0, 0], [0, 0, 1], [-1, 0, 0], [0, 0, -1]]
}
